Pregunta_ID,Iteracion_Num,Pregunta_Texto,Respuesta_Limpia_Generada,Tiempo_Segundos_Generacion,EM,TokenOverlap,LengthRatio,BLEU-1,BLEU-2,BLEU-4,ROUGE-1,ROUGE-2,ROUGE-L,METEOR,BERT-P,BERT-R,BERT-F1,SemanticSim
1,1,¿Cuál es el lema que inspira la Fuerza Aérea Colombiana?,"La respuesta a la pregunta sobre el lema que inspira la Fuerza Aérea Colombiana es:

**""Volamos, entrenamos y combatimos para vencer y dominar en el aire, el espacio y el ciberespacio.""**

Esta frase encapsula la misión y el espíritu de la fuerza aérea colombiana, destacando sus tres funciones principales: vuelo, entrenamiento y combate, y su objetivo final de dominio en los dominios aérea, espacial y cibernético.",7.94,0.0,0.1733,1.2222,0.2727,0.1701,0.0804,0.3,0.1017,0.2167,0.2414,0.684,0.6763,0.6801,0.6457
1,2,¿Cuál es el lema que inspira la Fuerza Aérea Colombiana?,"La respuesta a la pregunta sobre el lema que inspira la Fuerza Aérea Colombiana es:

**""Volamos, entrenamos y combatimos para vencer y dominar en el aire, el espacio y el ciberespacio.""**

Esta frase encapsula la misión y el espíritu de la fuerza aérea colombiana, destacando sus tres funciones principales: vuelo, entrenamiento y combate, y su objetivo final de dominio en los dominios aérea, espacial y cibernético.",2.37,0.0,0.1733,1.2222,0.2727,0.1701,0.0804,0.3,0.1017,0.2167,0.2414,0.684,0.6763,0.6801,0.6457
1,3,¿Cuál es el lema que inspira la Fuerza Aérea Colombiana?,"La respuesta a la pregunta sobre el lema que inspira la Fuerza Aérea Colombiana es:

**""Volamos, entrenamos y combatimos para vencer y dominar en el aire, el espacio y el ciberespacio.""**

Esta frase encapsula la misión y el espíritu de la fuerza aérea colombiana, destacando sus tres funciones principales: vuelo, entrenamiento y combate, y su objetivo final de dominio en los dominios aérea, espacial y cibernético.",2.75,0.0,0.1733,1.2222,0.2727,0.1701,0.0804,0.3,0.1017,0.2167,0.2414,0.684,0.6763,0.6801,0.6457
1,4,¿Cuál es el lema que inspira la Fuerza Aérea Colombiana?,"La respuesta a la pregunta sobre el lema que inspira la Fuerza Aérea Colombiana es:

**""Volamos, entrenamos y combatimos para vencer y dominar en el aire, el espacio y el ciberespacio.""**

Esta frase encapsula la misión y el espíritu de la fuerza aérea colombiana, destacando sus tres funciones principales: vuelo, entrenamiento y combate, y su objetivo final de dominio en los dominios aérea, espacial y cibernético.",2.66,0.0,0.1733,1.2222,0.2727,0.1701,0.0804,0.3,0.1017,0.2167,0.2414,0.684,0.6763,0.6801,0.6457
1,5,¿Cuál es el lema que inspira la Fuerza Aérea Colombiana?,"La respuesta a la pregunta sobre el lema que inspira la Fuerza Aérea Colombiana es:

**""Volamos, entrenamos y combatimos para vencer y dominar en el aire, el espacio y el ciberespacio.""**

Esta frase encapsula la misión y el espíritu de la fuerza aérea colombiana, destacando sus tres funciones principales: vuelo, entrenamiento y combate, y su objetivo final de dominio en los dominios aérea, espacial y cibernético.",2.81,0.0,0.1733,1.2222,0.2727,0.1701,0.0804,0.3,0.1017,0.2167,0.2414,0.684,0.6763,0.6801,0.6457
1,6,¿Cuál es el lema que inspira la Fuerza Aérea Colombiana?,"La respuesta a la pregunta sobre el lema que inspira la Fuerza Aérea Colombiana es:

**""Volamos, entrenamos y combatimos para vencer y dominar en el aire, el espacio y el ciberespacio.""**

Esta frase encapsula la misión y el espíritu de la fuerza aérea colombiana, destacando sus tres funciones principales: vuelo, entrenamiento y combate, y su objetivo final de dominio en los dominios aérea, espacial y cibernético.",2.65,0.0,0.1733,1.2222,0.2727,0.1701,0.0804,0.3,0.1017,0.2167,0.2414,0.684,0.6763,0.6801,0.6457
1,7,¿Cuál es el lema que inspira la Fuerza Aérea Colombiana?,"La respuesta a la pregunta sobre el lema que inspira la Fuerza Aérea Colombiana es:

**""Volamos, entrenamos y combatimos para vencer y dominar en el aire, el espacio y el ciberespacio.""**

Esta frase encapsula la misión y el espíritu de la fuerza aérea colombiana, destacando sus tres funciones principales: vuelo, entrenamiento y combate, y su objetivo final de dominio en los dominios aérea, espacial y cibernético.",2.61,0.0,0.1733,1.2222,0.2727,0.1701,0.0804,0.3,0.1017,0.2167,0.2414,0.684,0.6763,0.6801,0.6457
1,8,¿Cuál es el lema que inspira la Fuerza Aérea Colombiana?,"La respuesta a la pregunta sobre el lema que inspira la Fuerza Aérea Colombiana es:

**""Volamos, entrenamos y combatimos para vencer y dominar en el aire, el espacio y el ciberespacio.""**

Esta frase encapsula la misión y el espíritu de la fuerza aérea colombiana, destacando sus tres funciones principales: vuelo, entrenamiento y combate, y su objetivo final de dominio en los dominios aérea, espacial y cibernético.",2.59,0.0,0.1733,1.2222,0.2727,0.1701,0.0804,0.3,0.1017,0.2167,0.2414,0.684,0.6763,0.6801,0.6457
1,9,¿Cuál es el lema que inspira la Fuerza Aérea Colombiana?,"La respuesta a la pregunta sobre el lema que inspira la Fuerza Aérea Colombiana es:

**""Volamos, entrenamos y combatimos para vencer y dominar en el aire, el espacio y el ciberespacio.""**

Esta frase encapsula la misión y el espíritu de la fuerza aérea colombiana, destacando sus tres funciones principales: vuelo, entrenamiento y combate, y su objetivo final de dominio en los dominios aérea, espacial y cibernético.",2.54,0.0,0.1733,1.2222,0.2727,0.1701,0.0804,0.3,0.1017,0.2167,0.2414,0.684,0.6763,0.6801,0.6457
1,10,¿Cuál es el lema que inspira la Fuerza Aérea Colombiana?,"La respuesta a la pregunta sobre el lema que inspira la Fuerza Aérea Colombiana es:

**""Volamos, entrenamos y combatimos para vencer y dominar en el aire, el espacio y el ciberespacio.""**

Esta frase encapsula la misión y el espíritu de la fuerza aérea colombiana, destacando sus tres funciones principales: vuelo, entrenamiento y combate, y su objetivo final de dominio en los dominios aérea, espacial y cibernético.",2.53,0.0,0.1733,1.2222,0.2727,0.1701,0.0804,0.3,0.1017,0.2167,0.2414,0.684,0.6763,0.6801,0.6457
2,1,¿Cuál es el significado del lema de la Fuerza Aérea Colombiana?,"El lema de la Fuerza Aérea Colombiana es: “Para ejercer el dominio en el aire, el espacio y el ciberespacio, la fuerza aérea será innovadora, polivalente, interoperable, líder y preferente regional con alcance global y con capacidades disuasivas reales, permanentes y sostenibles.”

En esencia, el lema refleja la aspiración de la fuerza aérea a ser una potencia aérea moderna, capaz de proyectar poder en múltiples dominios y mantener una posición de liderazgo regional e internacional.",2.84,0.0,0.1493,1.9231,0.2267,0.1555,0.1076,0.3158,0.125,0.2456,0.2113,0.6929,0.7015,0.6972,0.8072
2,2,¿Cuál es el significado del lema de la Fuerza Aérea Colombiana?,"El lema de la Fuerza Aérea Colombiana es: “Para ejercer el dominio en el aire, el espacio y el ciberespacio, la fuerza aérea será innovadora, polivalente, interoperable, líder y preferente regional con alcance global y con capacidades disuasivas reales, permanentes y sostenibles.”

En esencia, el lema refleja la aspiración de la fuerza aérea a ser una potencia aérea moderna, capaz de proyectar poder en múltiples dominios y mantener una posición de liderazgo regional e internacional.",2.66,0.0,0.1493,1.9231,0.2267,0.1555,0.1076,0.3158,0.125,0.2456,0.2113,0.6929,0.7015,0.6972,0.8072
2,3,¿Cuál es el significado del lema de la Fuerza Aérea Colombiana?,"El lema de la Fuerza Aérea Colombiana es: “Para ejercer el dominio en el aire, el espacio y el ciberespacio, la fuerza aérea será innovadora, polivalente, interoperable, líder y preferente regional con alcance global y con capacidades disuasivas reales, permanentes y sostenibles.”

En esencia, el lema refleja la aspiración de la fuerza aérea a ser una potencia aérea moderna, capaz de proyectar poder en múltiples dominios y mantener una posición de liderazgo regional e internacional.",2.83,0.0,0.1493,1.9231,0.2267,0.1555,0.1076,0.3158,0.125,0.2456,0.2113,0.6929,0.7015,0.6972,0.8072
2,4,¿Cuál es el significado del lema de la Fuerza Aérea Colombiana?,"El lema de la Fuerza Aérea Colombiana es: “Para ejercer el dominio en el aire, el espacio y el ciberespacio, la fuerza aérea será innovadora, polivalente, interoperable, líder y preferente regional con alcance global y con capacidades disuasivas reales, permanentes y sostenibles.”

En esencia, el lema refleja la aspiración de la fuerza aérea a ser una potencia aérea moderna, capaz de proyectar poder en múltiples dominios y mantener una posición de liderazgo regional e internacional.",2.61,0.0,0.1493,1.9231,0.2267,0.1555,0.1076,0.3158,0.125,0.2456,0.2113,0.6929,0.7015,0.6972,0.8072
2,5,¿Cuál es el significado del lema de la Fuerza Aérea Colombiana?,"El lema de la Fuerza Aérea Colombiana es: “Para ejercer el dominio en el aire, el espacio y el ciberespacio, la fuerza aérea será innovadora, polivalente, interoperable, líder y preferente regional con alcance global y con capacidades disuasivas reales, permanentes y sostenibles.”

En esencia, el lema refleja la aspiración de la fuerza aérea a ser una potencia aérea moderna, capaz de proyectar poder en múltiples dominios y mantener una posición de liderazgo regional e internacional.",2.79,0.0,0.1493,1.9231,0.2267,0.1555,0.1076,0.3158,0.125,0.2456,0.2113,0.6929,0.7015,0.6972,0.8072
2,6,¿Cuál es el significado del lema de la Fuerza Aérea Colombiana?,"El lema de la Fuerza Aérea Colombiana es: “Para ejercer el dominio en el aire, el espacio y el ciberespacio, la fuerza aérea será innovadora, polivalente, interoperable, líder y preferente regional con alcance global y con capacidades disuasivas reales, permanentes y sostenibles.”

En esencia, el lema refleja la aspiración de la fuerza aérea a ser una potencia aérea moderna, capaz de proyectar poder en múltiples dominios y mantener una posición de liderazgo regional e internacional.",2.62,0.0,0.1493,1.9231,0.2267,0.1555,0.1076,0.3158,0.125,0.2456,0.2113,0.6929,0.7015,0.6972,0.8072
2,7,¿Cuál es el significado del lema de la Fuerza Aérea Colombiana?,"El lema de la Fuerza Aérea Colombiana es: “Para ejercer el dominio en el aire, el espacio y el ciberespacio, la fuerza aérea será innovadora, polivalente, interoperable, líder y preferente regional con alcance global y con capacidades disuasivas reales, permanentes y sostenibles.”

En esencia, el lema refleja la aspiración de la fuerza aérea a ser una potencia aérea moderna, capaz de proyectar poder en múltiples dominios y mantener una posición de liderazgo regional e internacional.",2.73,0.0,0.1493,1.9231,0.2267,0.1555,0.1076,0.3158,0.125,0.2456,0.2113,0.6929,0.7015,0.6972,0.8072
2,8,¿Cuál es el significado del lema de la Fuerza Aérea Colombiana?,"El lema de la Fuerza Aérea Colombiana es: “Para ejercer el dominio en el aire, el espacio y el ciberespacio, la fuerza aérea será innovadora, polivalente, interoperable, líder y preferente regional con alcance global y con capacidades disuasivas reales, permanentes y sostenibles.”

En esencia, el lema refleja la aspiración de la fuerza aérea a ser una potencia aérea moderna, capaz de proyectar poder en múltiples dominios y mantener una posición de liderazgo regional e internacional.",2.84,0.0,0.1493,1.9231,0.2267,0.1555,0.1076,0.3158,0.125,0.2456,0.2113,0.6929,0.7015,0.6972,0.8072
2,9,¿Cuál es el significado del lema de la Fuerza Aérea Colombiana?,"El lema de la Fuerza Aérea Colombiana es: “Para ejercer el dominio en el aire, el espacio y el ciberespacio, la fuerza aérea será innovadora, polivalente, interoperable, líder y preferente regional con alcance global y con capacidades disuasivas reales, permanentes y sostenibles.”

En esencia, el lema refleja la aspiración de la fuerza aérea a ser una potencia aérea moderna, capaz de proyectar poder en múltiples dominios y mantener una posición de liderazgo regional e internacional.",2.81,0.0,0.1493,1.9231,0.2267,0.1555,0.1076,0.3158,0.125,0.2456,0.2113,0.6929,0.7015,0.6972,0.8072
2,10,¿Cuál es el significado del lema de la Fuerza Aérea Colombiana?,"El lema de la Fuerza Aérea Colombiana es: “Para ejercer el dominio en el aire, el espacio y el ciberespacio, la fuerza aérea será innovadora, polivalente, interoperable, líder y preferente regional con alcance global y con capacidades disuasivas reales, permanentes y sostenibles.”

En esencia, el lema refleja la aspiración de la fuerza aérea a ser una potencia aérea moderna, capaz de proyectar poder en múltiples dominios y mantener una posición de liderazgo regional e internacional.",2.87,0.0,0.1493,1.9231,0.2267,0.1555,0.1076,0.3158,0.125,0.2456,0.2113,0.6929,0.7015,0.6972,0.8072
3,1,¿En qué se soporta la estrategia para el desarrollo aéreo y espacial de la Fuerza Aérea Colombiana 2042?,"La estrategia para el desarrollo aéreo y espacial de la Fuerza Aérea Colombiana 2042 se soporta en los siguientes elementos, según el texto:

*   **Doctrina Centenaria:** La adopción de nuevos estándares de conocimiento y organización, incluyendo conceptos conjuntos y combinados para el poder aéreo, espacial y ciberespacial.
*   **Proceso de Revisión Institucional:** Este proceso busca obtener el personal capacitado y entrenado con las competencias adecuadas, comprometido con vocación de servicio y liderazgo.
*   **Autosuficiencia Tecnológica:** La búsqueda de desarrollar capacidades propias en investigación y desarrollo para reducir la dependencia externa.
*   **Gestiones y Relaciones Estratégicas:** La obtención de material y equipo moderno a través de acuerdos con aliados.
*   **Adquisición de Activos Espaciales Propios:** Garantizar la autonomía de observación de la tierra para defensa y seguridad.
*   **Proceso de Gestión Humana:** El desarrollo del personal con condiciones laborales y salariales optimas.

En resumen, la estrategia se basa en una combinación de desarrollo interno (capacitación, investigación, gestión del personal) y cooperación externa (adquisiciones, convenios).",5.28,0.0,0.0924,4.2432,0.0955,0.0427,0.0197,0.1546,0.0208,0.1134,0.1817,0.6144,0.666,0.6392,0.4244
3,2,¿En qué se soporta la estrategia para el desarrollo aéreo y espacial de la Fuerza Aérea Colombiana 2042?,"La estrategia para el desarrollo aéreo y espacial de la Fuerza Aérea Colombiana 2042 se soporta en los siguientes elementos, según el texto:

*   **Doctrina Centenaria:** La adopción de nuevos estándares de conocimiento y organización, incluyendo conceptos conjuntos y combinados para el poder aéreo, espacial y ciberespacial.
*   **Proceso de Revisión Institucional:** Este proceso busca obtener el personal capacitado y entrenado con las competencias adecuadas, comprometido con vocación de servicio y liderazgo.
*   **Autosuficiencia Tecnológica:** La búsqueda de desarrollar capacidades propias en investigación y desarrollo para reducir la dependencia externa.
*   **Gestiones y Relaciones Estratégicas:** La obtención de material y equipo moderno a través de acuerdos con aliados.
*   **Adquisición de Activos Espaciales Propios:** Garantizar la autonomía de observación de la tierra para defensa y seguridad.
*   **Proceso de Gestión Humana:** El desarrollo del personal con condiciones laborales y salariales optimas.

En resumen, la estrategia se basa en una combinación de desarrollo interno (capacitación, investigación, gestión del personal) y cooperación externa (adquisiciones, convenios).",5.17,0.0,0.0924,4.2432,0.0955,0.0427,0.0197,0.1546,0.0208,0.1134,0.1817,0.6144,0.666,0.6392,0.4244
3,3,¿En qué se soporta la estrategia para el desarrollo aéreo y espacial de la Fuerza Aérea Colombiana 2042?,"La estrategia para el desarrollo aéreo y espacial de la Fuerza Aérea Colombiana 2042 se soporta en los siguientes elementos, según el texto:

*   **Doctrina Centenaria:** La adopción de nuevos estándares de conocimiento y organización, incluyendo conceptos conjuntos y combinados para el poder aéreo, espacial y ciberespacial.
*   **Proceso de Revisión Institucional:** Este proceso busca obtener el personal capacitado y entrenado con las competencias adecuadas, comprometido con vocación de servicio y liderazgo.
*   **Autosuficiencia Tecnológica:** La búsqueda de desarrollar capacidades propias en investigación y desarrollo para reducir la dependencia externa.
*   **Gestiones y Relaciones Estratégicas:** La obtención de material y equipo moderno a través de acuerdos con aliados.
*   **Adquisición de Activos Espaciales Propios:** Garantizar la autonomía de observación de la tierra para defensa y seguridad.
*   **Proceso de Gestión Humana:** El desarrollo del personal con condiciones laborales y salariales optimas.

En resumen, la estrategia se basa en una combinación de desarrollo interno (capacitación, investigación, gestión del personal) y cooperación externa (adquisiciones, convenios).",4.8,0.0,0.0924,4.2432,0.0955,0.0427,0.0197,0.1546,0.0208,0.1134,0.1817,0.6144,0.666,0.6392,0.4244
3,4,¿En qué se soporta la estrategia para el desarrollo aéreo y espacial de la Fuerza Aérea Colombiana 2042?,"La estrategia para el desarrollo aéreo y espacial de la Fuerza Aérea Colombiana 2042 se soporta en los siguientes elementos, según el texto:

*   **Doctrina Centenaria:** La adopción de nuevos estándares de conocimiento y organización, incluyendo conceptos conjuntos y combinados para el poder aéreo, espacial y ciberespacial.
*   **Proceso de Revisión Institucional:** Este proceso busca obtener el personal capacitado y entrenado con las competencias adecuadas, comprometido con vocación de servicio y liderazgo.
*   **Autosuficiencia Tecnológica:** La búsqueda de desarrollar capacidades propias en investigación y desarrollo para reducir la dependencia externa.
*   **Gestiones y Relaciones Estratégicas:** La obtención de material y equipo moderno a través de acuerdos con aliados.
*   **Adquisición de Activos Espaciales Propios:** Garantizar la autonomía de observación de la tierra para defensa y seguridad.
*   **Proceso de Gestión Humana:** El desarrollo del personal con condiciones laborales y salariales optimas.

En resumen, la estrategia se basa en una combinación de desarrollo interno (capacitación, investigación, gestión del personal) y cooperación externa (adquisiciones, convenios).",4.82,0.0,0.0924,4.2432,0.0955,0.0427,0.0197,0.1546,0.0208,0.1134,0.1817,0.6144,0.666,0.6392,0.4244
3,5,¿En qué se soporta la estrategia para el desarrollo aéreo y espacial de la Fuerza Aérea Colombiana 2042?,"La estrategia para el desarrollo aéreo y espacial de la Fuerza Aérea Colombiana 2042 se soporta en los siguientes elementos, según el texto:

*   **Doctrina Centenaria:** La adopción de nuevos estándares de conocimiento y organización, incluyendo conceptos conjuntos y combinados para el poder aéreo, espacial y ciberespacial.
*   **Proceso de Revisión Institucional:** Este proceso busca obtener el personal capacitado y entrenado con las competencias adecuadas, comprometido con vocación de servicio y liderazgo.
*   **Autosuficiencia Tecnológica:** La búsqueda de desarrollar capacidades propias en investigación y desarrollo para reducir la dependencia externa.
*   **Gestiones y Relaciones Estratégicas:** La obtención de material y equipo moderno a través de acuerdos con aliados.
*   **Adquisición de Activos Espaciales Propios:** Garantizar la autonomía de observación de la tierra para defensa y seguridad.
*   **Proceso de Gestión Humana:** El desarrollo del personal con condiciones laborales y salariales optimas.

En resumen, la estrategia se basa en una combinación de desarrollo interno (capacitación, investigación, gestión del personal) y cooperación externa (adquisiciones, convenios).",4.9,0.0,0.0924,4.2432,0.0955,0.0427,0.0197,0.1546,0.0208,0.1134,0.1817,0.6144,0.666,0.6392,0.4244
3,6,¿En qué se soporta la estrategia para el desarrollo aéreo y espacial de la Fuerza Aérea Colombiana 2042?,"La estrategia para el desarrollo aéreo y espacial de la Fuerza Aérea Colombiana 2042 se soporta en los siguientes elementos, según el texto:

*   **Doctrina Centenaria:** La adopción de nuevos estándares de conocimiento y organización, incluyendo conceptos conjuntos y combinados para el poder aéreo, espacial y ciberespacial.
*   **Proceso de Revisión Institucional:** Este proceso busca obtener el personal capacitado y entrenado con las competencias adecuadas, comprometido con vocación de servicio y liderazgo.
*   **Autosuficiencia Tecnológica:** La búsqueda de desarrollar capacidades propias en investigación y desarrollo para reducir la dependencia externa.
*   **Gestiones y Relaciones Estratégicas:** La obtención de material y equipo moderno a través de acuerdos con aliados.
*   **Adquisición de Activos Espaciales Propios:** Garantizar la autonomía de observación de la tierra para defensa y seguridad.
*   **Proceso de Gestión Humana:** El desarrollo del personal con condiciones laborales y salariales optimas.

En resumen, la estrategia se basa en una combinación de desarrollo interno (capacitación, investigación, gestión del personal) y cooperación externa (adquisiciones, convenios).",5.03,0.0,0.0924,4.2432,0.0955,0.0427,0.0197,0.1546,0.0208,0.1134,0.1817,0.6144,0.666,0.6392,0.4244
3,7,¿En qué se soporta la estrategia para el desarrollo aéreo y espacial de la Fuerza Aérea Colombiana 2042?,"La estrategia para el desarrollo aéreo y espacial de la Fuerza Aérea Colombiana 2042 se soporta en los siguientes elementos, según el texto:

*   **Doctrina Centenaria:** La adopción de nuevos estándares de conocimiento y organización, incluyendo conceptos conjuntos y combinados para el poder aéreo, espacial y ciberespacial.
*   **Proceso de Revisión Institucional:** Este proceso busca obtener el personal capacitado y entrenado con las competencias adecuadas, comprometido con vocación de servicio y liderazgo.
*   **Autosuficiencia Tecnológica:** La búsqueda de desarrollar capacidades propias en investigación y desarrollo para reducir la dependencia externa.
*   **Gestiones y Relaciones Estratégicas:** La obtención de material y equipo moderno a través de acuerdos con aliados.
*   **Adquisición de Activos Espaciales Propios:** Garantizar la autonomía de observación de la tierra para defensa y seguridad.
*   **Proceso de Gestión Humana:** El desarrollo del personal con condiciones laborales y salariales optimas.

En resumen, la estrategia se basa en una combinación de desarrollo interno (capacitación, investigación, gestión del personal) y cooperación externa (adquisiciones, convenios).",5.46,0.0,0.0924,4.2432,0.0955,0.0427,0.0197,0.1546,0.0208,0.1134,0.1817,0.6144,0.666,0.6392,0.4244
3,8,¿En qué se soporta la estrategia para el desarrollo aéreo y espacial de la Fuerza Aérea Colombiana 2042?,"La estrategia para el desarrollo aéreo y espacial de la Fuerza Aérea Colombiana 2042 se soporta en los siguientes elementos, según el texto:

*   **Doctrina Centenaria:** La adopción de nuevos estándares de conocimiento y organización, incluyendo conceptos conjuntos y combinados para el poder aéreo, espacial y ciberespacial.
*   **Proceso de Revisión Institucional:** Este proceso busca obtener el personal capacitado y entrenado con las competencias adecuadas, comprometido con vocación de servicio y liderazgo.
*   **Autosuficiencia Tecnológica:** La búsqueda de desarrollar capacidades propias en investigación y desarrollo para reducir la dependencia externa.
*   **Gestiones y Relaciones Estratégicas:** La obtención de material y equipo moderno a través de acuerdos con aliados.
*   **Adquisición de Activos Espaciales Propios:** Garantizar la autonomía de observación de la tierra para defensa y seguridad.
*   **Proceso de Gestión Humana:** El desarrollo del personal con condiciones laborales y salariales optimas.

En resumen, la estrategia se basa en una combinación de desarrollo interno (capacitación, investigación, gestión del personal) y cooperación externa (adquisiciones, convenios).",5.62,0.0,0.0924,4.2432,0.0955,0.0427,0.0197,0.1546,0.0208,0.1134,0.1817,0.6144,0.666,0.6392,0.4244
3,9,¿En qué se soporta la estrategia para el desarrollo aéreo y espacial de la Fuerza Aérea Colombiana 2042?,"La estrategia para el desarrollo aéreo y espacial de la Fuerza Aérea Colombiana 2042 se soporta en los siguientes elementos, según el texto:

*   **Doctrina Centenaria:** La adopción de nuevos estándares de conocimiento y organización, incluyendo conceptos conjuntos y combinados para el poder aéreo, espacial y ciberespacial.
*   **Proceso de Revisión Institucional:** Este proceso busca obtener el personal capacitado y entrenado con las competencias adecuadas, comprometido con vocación de servicio y liderazgo.
*   **Autosuficiencia Tecnológica:** La búsqueda de desarrollar capacidades propias en investigación y desarrollo para reducir la dependencia externa.
*   **Gestiones y Relaciones Estratégicas:** La obtención de material y equipo moderno a través de acuerdos con aliados.
*   **Adquisición de Activos Espaciales Propios:** Garantizar la autonomía de observación de la tierra para defensa y seguridad.
*   **Proceso de Gestión Humana:** El desarrollo del personal con condiciones laborales y salariales optimas.

En resumen, la estrategia se basa en una combinación de desarrollo interno (capacitación, investigación, gestión del personal) y cooperación externa (adquisiciones, convenios).",5.35,0.0,0.0924,4.2432,0.0955,0.0427,0.0197,0.1546,0.0208,0.1134,0.1817,0.6144,0.666,0.6392,0.4244
3,10,¿En qué se soporta la estrategia para el desarrollo aéreo y espacial de la Fuerza Aérea Colombiana 2042?,"La estrategia para el desarrollo aéreo y espacial de la Fuerza Aérea Colombiana 2042 se soporta en los siguientes elementos, según el texto:

*   **Doctrina Centenaria:** La adopción de nuevos estándares de conocimiento y organización, incluyendo conceptos conjuntos y combinados para el poder aéreo, espacial y ciberespacial.
*   **Proceso de Revisión Institucional:** Este proceso busca obtener el personal capacitado y entrenado con las competencias adecuadas, comprometido con vocación de servicio y liderazgo.
*   **Autosuficiencia Tecnológica:** La búsqueda de desarrollar capacidades propias en investigación y desarrollo para reducir la dependencia externa.
*   **Gestiones y Relaciones Estratégicas:** La obtención de material y equipo moderno a través de acuerdos con aliados.
*   **Adquisición de Activos Espaciales Propios:** Garantizar la autonomía de observación de la tierra para defensa y seguridad.
*   **Proceso de Gestión Humana:** El desarrollo del personal con condiciones laborales y salariales optimas.

En resumen, la estrategia se basa en una combinación de desarrollo interno (capacitación, investigación, gestión del personal) y cooperación externa (adquisiciones, convenios).",5.59,0.0,0.0924,4.2432,0.0955,0.0427,0.0197,0.1546,0.0208,0.1134,0.1817,0.6144,0.666,0.6392,0.4244
4,1,¿Qué es el marco estratégico de la Fuerza Aerea Colombiana?,"El marco estratégico de la Fuerza Aerea Colombiana se basa en consolidar el dominio en el aire, el espacio y el ciberespacio, posicionándose como una fuerza innovadora, polivalente, interoperable, líder y preferente regional con alcance global y capacidades disuasivas sostenibles. Esto se logra a través de la misión, visión y valores de la institución, incluyendo el desarrollo de capacidades en doctrina multidominio, el uso de tecnologías avanzadas como la inteligencia artificial y el Big Data, y la cooperación internacional en temas espaciales.",3.21,0.0,0.1507,2.4848,0.1829,0.0945,0.0407,0.2609,0.0531,0.2261,0.267,0.6732,0.739,0.7045,0.6733
4,2,¿Qué es el marco estratégico de la Fuerza Aerea Colombiana?,"El marco estratégico de la Fuerza Aerea Colombiana se basa en consolidar el dominio en el aire, el espacio y el ciberespacio, posicionándose como una fuerza innovadora, polivalente, interoperable, líder y preferente regional con alcance global y capacidades disuasivas sostenibles. Esto se logra a través de la misión, visión y valores de la institución, incluyendo el desarrollo de capacidades en doctrina multidominio, el uso de tecnologías avanzadas como la inteligencia artificial y el Big Data, y la cooperación internacional en temas espaciales.",3.09,0.0,0.1507,2.4848,0.1829,0.0945,0.0407,0.2609,0.0531,0.2261,0.267,0.6732,0.739,0.7045,0.6733
4,3,¿Qué es el marco estratégico de la Fuerza Aerea Colombiana?,"El marco estratégico de la Fuerza Aerea Colombiana se basa en consolidar el dominio en el aire, el espacio y el ciberespacio, posicionándose como una fuerza innovadora, polivalente, interoperable, líder y preferente regional con alcance global y capacidades disuasivas sostenibles. Esto se logra a través de la misión, visión y valores de la institución, incluyendo el desarrollo de capacidades en doctrina multidominio, el uso de tecnologías avanzadas como la inteligencia artificial y el Big Data, y la cooperación internacional en temas espaciales.",2.84,0.0,0.1507,2.4848,0.1829,0.0945,0.0407,0.2609,0.0531,0.2261,0.267,0.6732,0.739,0.7045,0.6733
4,4,¿Qué es el marco estratégico de la Fuerza Aerea Colombiana?,"El marco estratégico de la Fuerza Aerea Colombiana se basa en consolidar el dominio en el aire, el espacio y el ciberespacio, posicionándose como una fuerza innovadora, polivalente, interoperable, líder y preferente regional con alcance global y capacidades disuasivas sostenibles. Esto se logra a través de la misión, visión y valores de la institución, incluyendo el desarrollo de capacidades en doctrina multidominio, el uso de tecnologías avanzadas como la inteligencia artificial y el Big Data, y la cooperación internacional en temas espaciales.",3.13,0.0,0.1507,2.4848,0.1829,0.0945,0.0407,0.2609,0.0531,0.2261,0.267,0.6732,0.739,0.7045,0.6733
4,5,¿Qué es el marco estratégico de la Fuerza Aerea Colombiana?,"El marco estratégico de la Fuerza Aerea Colombiana se basa en consolidar el dominio en el aire, el espacio y el ciberespacio, posicionándose como una fuerza innovadora, polivalente, interoperable, líder y preferente regional con alcance global y capacidades disuasivas sostenibles. Esto se logra a través de la misión, visión y valores de la institución, incluyendo el desarrollo de capacidades en doctrina multidominio, el uso de tecnologías avanzadas como la inteligencia artificial y el Big Data, y la cooperación internacional en temas espaciales.",3.1,0.0,0.1507,2.4848,0.1829,0.0945,0.0407,0.2609,0.0531,0.2261,0.267,0.6732,0.739,0.7045,0.6733
4,6,¿Qué es el marco estratégico de la Fuerza Aerea Colombiana?,"El marco estratégico de la Fuerza Aerea Colombiana se basa en consolidar el dominio en el aire, el espacio y el ciberespacio, posicionándose como una fuerza innovadora, polivalente, interoperable, líder y preferente regional con alcance global y capacidades disuasivas sostenibles. Esto se logra a través de la misión, visión y valores de la institución, incluyendo el desarrollo de capacidades en doctrina multidominio, el uso de tecnologías avanzadas como la inteligencia artificial y el Big Data, y la cooperación internacional en temas espaciales.",3.0,0.0,0.1507,2.4848,0.1829,0.0945,0.0407,0.2609,0.0531,0.2261,0.267,0.6732,0.739,0.7045,0.6733
4,7,¿Qué es el marco estratégico de la Fuerza Aerea Colombiana?,"El marco estratégico de la Fuerza Aerea Colombiana se basa en consolidar el dominio en el aire, el espacio y el ciberespacio, posicionándose como una fuerza innovadora, polivalente, interoperable, líder y preferente regional con alcance global y capacidades disuasivas sostenibles. Esto se logra a través de la misión, visión y valores de la institución, incluyendo el desarrollo de capacidades en doctrina multidominio, el uso de tecnologías avanzadas como la inteligencia artificial y el Big Data, y la cooperación internacional en temas espaciales.",3.21,0.0,0.1507,2.4848,0.1829,0.0945,0.0407,0.2609,0.0531,0.2261,0.267,0.6732,0.739,0.7045,0.6733
4,8,¿Qué es el marco estratégico de la Fuerza Aerea Colombiana?,"El marco estratégico de la Fuerza Aerea Colombiana se basa en consolidar el dominio en el aire, el espacio y el ciberespacio, posicionándose como una fuerza innovadora, polivalente, interoperable, líder y preferente regional con alcance global y capacidades disuasivas sostenibles. Esto se logra a través de la misión, visión y valores de la institución, incluyendo el desarrollo de capacidades en doctrina multidominio, el uso de tecnologías avanzadas como la inteligencia artificial y el Big Data, y la cooperación internacional en temas espaciales.",2.98,0.0,0.1507,2.4848,0.1829,0.0945,0.0407,0.2609,0.0531,0.2261,0.267,0.6732,0.739,0.7045,0.6733
4,9,¿Qué es el marco estratégico de la Fuerza Aerea Colombiana?,"El marco estratégico de la Fuerza Aerea Colombiana se basa en consolidar el dominio en el aire, el espacio y el ciberespacio, posicionándose como una fuerza innovadora, polivalente, interoperable, líder y preferente regional con alcance global y capacidades disuasivas sostenibles. Esto se logra a través de la misión, visión y valores de la institución, incluyendo el desarrollo de capacidades en doctrina multidominio, el uso de tecnologías avanzadas como la inteligencia artificial y el Big Data, y la cooperación internacional en temas espaciales.",2.97,0.0,0.1507,2.4848,0.1829,0.0945,0.0407,0.2609,0.0531,0.2261,0.267,0.6732,0.739,0.7045,0.6733
4,10,¿Qué es el marco estratégico de la Fuerza Aerea Colombiana?,"El marco estratégico de la Fuerza Aerea Colombiana se basa en consolidar el dominio en el aire, el espacio y el ciberespacio, posicionándose como una fuerza innovadora, polivalente, interoperable, líder y preferente regional con alcance global y capacidades disuasivas sostenibles. Esto se logra a través de la misión, visión y valores de la institución, incluyendo el desarrollo de capacidades en doctrina multidominio, el uso de tecnologías avanzadas como la inteligencia artificial y el Big Data, y la cooperación internacional en temas espaciales.",2.72,0.0,0.1507,2.4848,0.1829,0.0945,0.0407,0.2609,0.0531,0.2261,0.267,0.6732,0.739,0.7045,0.6733
5,1,¿Cuáles son los valores de la Fuerza aerea Colombiana?,"La Fuerza Aérea Colombiana vuela, entrena y combate para vencer y dominar en el aire, el espacio y el ciberespacio en defensa de la soberanía, la independencia, la integridad territorial, el orden constitucional y contribuir a los fines del estado.",1.75,0.0,0.1455,0.8511,0.1889,0.1408,0.0867,0.2069,0.0941,0.1379,0.1261,0.6598,0.6508,0.6553,0.7246
5,2,¿Cuáles son los valores de la Fuerza aerea Colombiana?,"La Fuerza Aérea Colombiana vuela, entrena y combate para vencer y dominar en el aire, el espacio y el ciberespacio en defensa de la soberanía, la independencia, la integridad territorial, el orden constitucional y contribuir a los fines del estado.",1.85,0.0,0.1455,0.8511,0.1889,0.1408,0.0867,0.2069,0.0941,0.1379,0.1261,0.6598,0.6508,0.6553,0.7246
5,3,¿Cuáles son los valores de la Fuerza aerea Colombiana?,"La Fuerza Aérea Colombiana vuela, entrena y combate para vencer y dominar en el aire, el espacio y el ciberespacio en defensa de la soberanía, la independencia, la integridad territorial, el orden constitucional y contribuir a los fines del estado.",1.86,0.0,0.1455,0.8511,0.1889,0.1408,0.0867,0.2069,0.0941,0.1379,0.1261,0.6598,0.6508,0.6553,0.7246
5,4,¿Cuáles son los valores de la Fuerza aerea Colombiana?,"La Fuerza Aérea Colombiana vuela, entrena y combate para vencer y dominar en el aire, el espacio y el ciberespacio en defensa de la soberanía, la independencia, la integridad territorial, el orden constitucional y contribuir a los fines del estado.",2.0,0.0,0.1455,0.8511,0.1889,0.1408,0.0867,0.2069,0.0941,0.1379,0.1261,0.6598,0.6508,0.6553,0.7246
5,5,¿Cuáles son los valores de la Fuerza aerea Colombiana?,"La Fuerza Aérea Colombiana vuela, entrena y combate para vencer y dominar en el aire, el espacio y el ciberespacio en defensa de la soberanía, la independencia, la integridad territorial, el orden constitucional y contribuir a los fines del estado.",1.77,0.0,0.1455,0.8511,0.1889,0.1408,0.0867,0.2069,0.0941,0.1379,0.1261,0.6598,0.6508,0.6553,0.7246
5,6,¿Cuáles son los valores de la Fuerza aerea Colombiana?,"La Fuerza Aérea Colombiana vuela, entrena y combate para vencer y dominar en el aire, el espacio y el ciberespacio en defensa de la soberanía, la independencia, la integridad territorial, el orden constitucional y contribuir a los fines del estado.",1.78,0.0,0.1455,0.8511,0.1889,0.1408,0.0867,0.2069,0.0941,0.1379,0.1261,0.6598,0.6508,0.6553,0.7246
5,7,¿Cuáles son los valores de la Fuerza aerea Colombiana?,"La Fuerza Aérea Colombiana vuela, entrena y combate para vencer y dominar en el aire, el espacio y el ciberespacio en defensa de la soberanía, la independencia, la integridad territorial, el orden constitucional y contribuir a los fines del estado.",1.74,0.0,0.1455,0.8511,0.1889,0.1408,0.0867,0.2069,0.0941,0.1379,0.1261,0.6598,0.6508,0.6553,0.7246
5,8,¿Cuáles son los valores de la Fuerza aerea Colombiana?,"La Fuerza Aérea Colombiana vuela, entrena y combate para vencer y dominar en el aire, el espacio y el ciberespacio en defensa de la soberanía, la independencia, la integridad territorial, el orden constitucional y contribuir a los fines del estado.",1.86,0.0,0.1455,0.8511,0.1889,0.1408,0.0867,0.2069,0.0941,0.1379,0.1261,0.6598,0.6508,0.6553,0.7246
5,9,¿Cuáles son los valores de la Fuerza aerea Colombiana?,"La Fuerza Aérea Colombiana vuela, entrena y combate para vencer y dominar en el aire, el espacio y el ciberespacio en defensa de la soberanía, la independencia, la integridad territorial, el orden constitucional y contribuir a los fines del estado.",1.78,0.0,0.1455,0.8511,0.1889,0.1408,0.0867,0.2069,0.0941,0.1379,0.1261,0.6598,0.6508,0.6553,0.7246
5,10,¿Cuáles son los valores de la Fuerza aerea Colombiana?,"La Fuerza Aérea Colombiana vuela, entrena y combate para vencer y dominar en el aire, el espacio y el ciberespacio en defensa de la soberanía, la independencia, la integridad territorial, el orden constitucional y contribuir a los fines del estado.",1.96,0.0,0.1455,0.8511,0.1889,0.1408,0.0867,0.2069,0.0941,0.1379,0.1261,0.6598,0.6508,0.6553,0.7246
6,1,¿Cuáles son las virtudes de la Fuerza Aerea Colombiana?,"La Fuerza Aérea Colombiana integra los principios, valores y virtudes que forjan una cultura para la legitimidad y la seguridad jurídica de la institución.",1.59,0.0,0.2083,0.5106,0.1758,0.1298,0.0736,0.3099,0.1449,0.2254,0.2118,0.6932,0.6699,0.6814,0.7906
6,2,¿Cuáles son las virtudes de la Fuerza Aerea Colombiana?,"La Fuerza Aérea Colombiana integra los principios, valores y virtudes que forjan una cultura para la legitimidad y la seguridad jurídica de la institución.",1.28,0.0,0.2083,0.5106,0.1758,0.1298,0.0736,0.3099,0.1449,0.2254,0.2118,0.6932,0.6699,0.6814,0.7906
6,3,¿Cuáles son las virtudes de la Fuerza Aerea Colombiana?,"La Fuerza Aérea Colombiana integra los principios, valores y virtudes que forjan una cultura para la legitimidad y la seguridad jurídica de la institución.",1.35,0.0,0.2083,0.5106,0.1758,0.1298,0.0736,0.3099,0.1449,0.2254,0.2118,0.6932,0.6699,0.6814,0.7906
6,4,¿Cuáles son las virtudes de la Fuerza Aerea Colombiana?,"La Fuerza Aérea Colombiana integra los principios, valores y virtudes que forjan una cultura para la legitimidad y la seguridad jurídica de la institución.",1.45,0.0,0.2083,0.5106,0.1758,0.1298,0.0736,0.3099,0.1449,0.2254,0.2118,0.6932,0.6699,0.6814,0.7906
6,5,¿Cuáles son las virtudes de la Fuerza Aerea Colombiana?,"La Fuerza Aérea Colombiana integra los principios, valores y virtudes que forjan una cultura para la legitimidad y la seguridad jurídica de la institución.",1.55,0.0,0.2083,0.5106,0.1758,0.1298,0.0736,0.3099,0.1449,0.2254,0.2118,0.6932,0.6699,0.6814,0.7906
6,6,¿Cuáles son las virtudes de la Fuerza Aerea Colombiana?,"La Fuerza Aérea Colombiana integra los principios, valores y virtudes que forjan una cultura para la legitimidad y la seguridad jurídica de la institución.",1.28,0.0,0.2083,0.5106,0.1758,0.1298,0.0736,0.3099,0.1449,0.2254,0.2118,0.6932,0.6699,0.6814,0.7906
6,7,¿Cuáles son las virtudes de la Fuerza Aerea Colombiana?,"La Fuerza Aérea Colombiana integra los principios, valores y virtudes que forjan una cultura para la legitimidad y la seguridad jurídica de la institución.",1.46,0.0,0.2083,0.5106,0.1758,0.1298,0.0736,0.3099,0.1449,0.2254,0.2118,0.6932,0.6699,0.6814,0.7906
6,8,¿Cuáles son las virtudes de la Fuerza Aerea Colombiana?,"La Fuerza Aérea Colombiana integra los principios, valores y virtudes que forjan una cultura para la legitimidad y la seguridad jurídica de la institución.",1.45,0.0,0.2083,0.5106,0.1758,0.1298,0.0736,0.3099,0.1449,0.2254,0.2118,0.6932,0.6699,0.6814,0.7906
6,9,¿Cuáles son las virtudes de la Fuerza Aerea Colombiana?,"La Fuerza Aérea Colombiana integra los principios, valores y virtudes que forjan una cultura para la legitimidad y la seguridad jurídica de la institución.",1.45,0.0,0.2083,0.5106,0.1758,0.1298,0.0736,0.3099,0.1449,0.2254,0.2118,0.6932,0.6699,0.6814,0.7906
6,10,¿Cuáles son las virtudes de la Fuerza Aerea Colombiana?,"La Fuerza Aérea Colombiana integra los principios, valores y virtudes que forjan una cultura para la legitimidad y la seguridad jurídica de la institución.",1.53,0.0,0.2083,0.5106,0.1758,0.1298,0.0736,0.3099,0.1449,0.2254,0.2118,0.6932,0.6699,0.6814,0.7906
7,1,¿Cuáles son los cuatro ámbitos fundamentales de las veinte políticas planteadas por la institución?,"Talento humano, misionalidad, soporte e inspección y control.",1.11,0.0,0.2667,0.2581,0.0564,0.0564,0.0564,0.4103,0.3784,0.4103,0.2785,0.8585,0.6608,0.7468,0.568
7,2,¿Cuáles son los cuatro ámbitos fundamentales de las veinte políticas planteadas por la institución?,"Talento humano, misionalidad, soporte e inspección y control.",1.02,0.0,0.2667,0.2581,0.0564,0.0564,0.0564,0.4103,0.3784,0.4103,0.2785,0.8585,0.6608,0.7468,0.568
7,3,¿Cuáles son los cuatro ámbitos fundamentales de las veinte políticas planteadas por la institución?,"Talento humano, misionalidad, soporte e inspección y control.",1.4,0.0,0.2667,0.2581,0.0564,0.0564,0.0564,0.4103,0.3784,0.4103,0.2785,0.8585,0.6608,0.7468,0.568
7,4,¿Cuáles son los cuatro ámbitos fundamentales de las veinte políticas planteadas por la institución?,"Talento humano, misionalidad, soporte e inspección y control.",1.23,0.0,0.2667,0.2581,0.0564,0.0564,0.0564,0.4103,0.3784,0.4103,0.2785,0.8585,0.6608,0.7468,0.568
7,5,¿Cuáles son los cuatro ámbitos fundamentales de las veinte políticas planteadas por la institución?,"Talento humano, misionalidad, soporte e inspección y control.",0.82,0.0,0.2667,0.2581,0.0564,0.0564,0.0564,0.4103,0.3784,0.4103,0.2785,0.8585,0.6608,0.7468,0.568
7,6,¿Cuáles son los cuatro ámbitos fundamentales de las veinte políticas planteadas por la institución?,"Talento humano, misionalidad, soporte e inspección y control.",1.28,0.0,0.2667,0.2581,0.0564,0.0564,0.0564,0.4103,0.3784,0.4103,0.2785,0.8585,0.6608,0.7468,0.568
7,7,¿Cuáles son los cuatro ámbitos fundamentales de las veinte políticas planteadas por la institución?,"Talento humano, misionalidad, soporte e inspección y control.",1.0,0.0,0.2667,0.2581,0.0564,0.0564,0.0564,0.4103,0.3784,0.4103,0.2785,0.8585,0.6608,0.7468,0.568
7,8,¿Cuáles son los cuatro ámbitos fundamentales de las veinte políticas planteadas por la institución?,"Talento humano, misionalidad, soporte e inspección y control.",1.09,0.0,0.2667,0.2581,0.0564,0.0564,0.0564,0.4103,0.3784,0.4103,0.2785,0.8585,0.6608,0.7468,0.568
7,9,¿Cuáles son los cuatro ámbitos fundamentales de las veinte políticas planteadas por la institución?,"Talento humano, misionalidad, soporte e inspección y control.",0.95,0.0,0.2667,0.2581,0.0564,0.0564,0.0564,0.4103,0.3784,0.4103,0.2785,0.8585,0.6608,0.7468,0.568
7,10,¿Cuáles son los cuatro ámbitos fundamentales de las veinte políticas planteadas por la institución?,"Talento humano, misionalidad, soporte e inspección y control.",0.98,0.0,0.2667,0.2581,0.0564,0.0564,0.0564,0.4103,0.3784,0.4103,0.2785,0.8585,0.6608,0.7468,0.568
8,1,¿Cómo esta conformado el nivel estratégico organizacional de la Fuerza Aerea Colombiana?,"Basado en el texto proporcionado, el nivel estratégico organizacional de la Fuerza Aerea Colombiana se compone de los siguientes elementos:

*   **Misión:** Volar, entrenar y combatir para vencer y dominar en el aire, el espacio y el ciberespacio en defensa de la soberanía, la independencia, la integridad territorial, el orden constitucional y contribuir a los fines del estado.
*   **Visión:** Ser innovadora, polivalente, interoperable, líder y preferente regional con alcance global y capacidades disuasivas reales, permanentes y sostenibles.
*   **Liderazgo Operacional:** Todas las decisiones y acciones de la institución deben aportar valor en el cumplimiento de la misión y la consolidación de la visión institucional.
*   **Marco Estratégico:** Este se basa en un siglo de experiencia, el desarrollo de capacidades espaciales, el avance tecnológico y la incursion en nuevos dominios de la guerra, buscando un legado acorde a las nuevas demandas de la defensa nacional.

En resumen, el nivel estratégico se centra en la misión, visión y el marco general que guía las operaciones y el desarrollo de la Fuerza Aerea Colombiana.",4.76,0.0,0.1351,4.0976,0.1369,0.0989,0.0687,0.2201,0.1063,0.1722,0.3076,0.6266,0.707,0.6644,0.7834
8,2,¿Cómo esta conformado el nivel estratégico organizacional de la Fuerza Aerea Colombiana?,"Basado en el texto proporcionado, el nivel estratégico organizacional de la Fuerza Aerea Colombiana se compone de los siguientes elementos:

*   **Misión:** Volar, entrenar y combatir para vencer y dominar en el aire, el espacio y el ciberespacio en defensa de la soberanía, la independencia, la integridad territorial, el orden constitucional y contribuir a los fines del estado.
*   **Visión:** Ser innovadora, polivalente, interoperable, líder y preferente regional con alcance global y capacidades disuasivas reales, permanentes y sostenibles.
*   **Liderazgo Operacional:** Todas las decisiones y acciones de la institución deben aportar valor en el cumplimiento de la misión y la consolidación de la visión institucional.
*   **Marco Estratégico:** Este se basa en un siglo de experiencia, el desarrollo de capacidades espaciales, el avance tecnológico y la incursion en nuevos dominios de la guerra, buscando un legado acorde a las nuevas demandas de la defensa nacional.

En resumen, el nivel estratégico se centra en la misión, visión y el marco general que guía las operaciones y el desarrollo de la Fuerza Aerea Colombiana.",4.89,0.0,0.1351,4.0976,0.1369,0.0989,0.0687,0.2201,0.1063,0.1722,0.3076,0.6266,0.707,0.6644,0.7834
8,3,¿Cómo esta conformado el nivel estratégico organizacional de la Fuerza Aerea Colombiana?,"Basado en el texto proporcionado, el nivel estratégico organizacional de la Fuerza Aerea Colombiana se compone de los siguientes elementos:

*   **Misión:** Volar, entrenar y combatir para vencer y dominar en el aire, el espacio y el ciberespacio en defensa de la soberanía, la independencia, la integridad territorial, el orden constitucional y contribuir a los fines del estado.
*   **Visión:** Ser innovadora, polivalente, interoperable, líder y preferente regional con alcance global y capacidades disuasivas reales, permanentes y sostenibles.
*   **Liderazgo Operacional:** Todas las decisiones y acciones de la institución deben aportar valor en el cumplimiento de la misión y la consolidación de la visión institucional.
*   **Marco Estratégico:** Este se basa en un siglo de experiencia, el desarrollo de capacidades espaciales, el avance tecnológico y la incursion en nuevos dominios de la guerra, buscando un legado acorde a las nuevas demandas de la defensa nacional.

En resumen, el nivel estratégico se centra en la misión, visión y el marco general que guía las operaciones y el desarrollo de la Fuerza Aerea Colombiana.",5.25,0.0,0.1351,4.0976,0.1369,0.0989,0.0687,0.2201,0.1063,0.1722,0.3076,0.6266,0.707,0.6644,0.7834
8,4,¿Cómo esta conformado el nivel estratégico organizacional de la Fuerza Aerea Colombiana?,"Basado en el texto proporcionado, el nivel estratégico organizacional de la Fuerza Aerea Colombiana se compone de los siguientes elementos:

*   **Misión:** Volar, entrenar y combatir para vencer y dominar en el aire, el espacio y el ciberespacio en defensa de la soberanía, la independencia, la integridad territorial, el orden constitucional y contribuir a los fines del estado.
*   **Visión:** Ser innovadora, polivalente, interoperable, líder y preferente regional con alcance global y capacidades disuasivas reales, permanentes y sostenibles.
*   **Liderazgo Operacional:** Todas las decisiones y acciones de la institución deben aportar valor en el cumplimiento de la misión y la consolidación de la visión institucional.
*   **Marco Estratégico:** Este se basa en un siglo de experiencia, el desarrollo de capacidades espaciales, el avance tecnológico y la incursion en nuevos dominios de la guerra, buscando un legado acorde a las nuevas demandas de la defensa nacional.

En resumen, el nivel estratégico se centra en la misión, visión y el marco general que guía las operaciones y el desarrollo de la Fuerza Aerea Colombiana.",4.97,0.0,0.1351,4.0976,0.1369,0.0989,0.0687,0.2201,0.1063,0.1722,0.3076,0.6266,0.707,0.6644,0.7834
8,5,¿Cómo esta conformado el nivel estratégico organizacional de la Fuerza Aerea Colombiana?,"Basado en el texto proporcionado, el nivel estratégico organizacional de la Fuerza Aerea Colombiana se compone de los siguientes elementos:

*   **Misión:** Volar, entrenar y combatir para vencer y dominar en el aire, el espacio y el ciberespacio en defensa de la soberanía, la independencia, la integridad territorial, el orden constitucional y contribuir a los fines del estado.
*   **Visión:** Ser innovadora, polivalente, interoperable, líder y preferente regional con alcance global y capacidades disuasivas reales, permanentes y sostenibles.
*   **Liderazgo Operacional:** Todas las decisiones y acciones de la institución deben aportar valor en el cumplimiento de la misión y la consolidación de la visión institucional.
*   **Marco Estratégico:** Este se basa en un siglo de experiencia, el desarrollo de capacidades espaciales, el avance tecnológico y la incursion en nuevos dominios de la guerra, buscando un legado acorde a las nuevas demandas de la defensa nacional.

En resumen, el nivel estratégico se centra en la misión, visión y el marco general que guía las operaciones y el desarrollo de la Fuerza Aerea Colombiana.",4.76,0.0,0.1351,4.0976,0.1369,0.0989,0.0687,0.2201,0.1063,0.1722,0.3076,0.6266,0.707,0.6644,0.7834
8,6,¿Cómo esta conformado el nivel estratégico organizacional de la Fuerza Aerea Colombiana?,"Basado en el texto proporcionado, el nivel estratégico organizacional de la Fuerza Aerea Colombiana se compone de los siguientes elementos:

*   **Misión:** Volar, entrenar y combatir para vencer y dominar en el aire, el espacio y el ciberespacio en defensa de la soberanía, la independencia, la integridad territorial, el orden constitucional y contribuir a los fines del estado.
*   **Visión:** Ser innovadora, polivalente, interoperable, líder y preferente regional con alcance global y capacidades disuasivas reales, permanentes y sostenibles.
*   **Liderazgo Operacional:** Todas las decisiones y acciones de la institución deben aportar valor en el cumplimiento de la misión y la consolidación de la visión institucional.
*   **Marco Estratégico:** Este se basa en un siglo de experiencia, el desarrollo de capacidades espaciales, el avance tecnológico y la incursion en nuevos dominios de la guerra, buscando un legado acorde a las nuevas demandas de la defensa nacional.

En resumen, el nivel estratégico se centra en la misión, visión y el marco general que guía las operaciones y el desarrollo de la Fuerza Aerea Colombiana.",4.86,0.0,0.1351,4.0976,0.1369,0.0989,0.0687,0.2201,0.1063,0.1722,0.3076,0.6266,0.707,0.6644,0.7834
8,7,¿Cómo esta conformado el nivel estratégico organizacional de la Fuerza Aerea Colombiana?,"Basado en el texto proporcionado, el nivel estratégico organizacional de la Fuerza Aerea Colombiana se compone de los siguientes elementos:

*   **Misión:** Volar, entrenar y combatir para vencer y dominar en el aire, el espacio y el ciberespacio en defensa de la soberanía, la independencia, la integridad territorial, el orden constitucional y contribuir a los fines del estado.
*   **Visión:** Ser innovadora, polivalente, interoperable, líder y preferente regional con alcance global y capacidades disuasivas reales, permanentes y sostenibles.
*   **Liderazgo Operacional:** Todas las decisiones y acciones de la institución deben aportar valor en el cumplimiento de la misión y la consolidación de la visión institucional.
*   **Marco Estratégico:** Este se basa en un siglo de experiencia, el desarrollo de capacidades espaciales, el avance tecnológico y la incursion en nuevos dominios de la guerra, buscando un legado acorde a las nuevas demandas de la defensa nacional.

En resumen, el nivel estratégico se centra en la misión, visión y el marco general que guía las operaciones y el desarrollo de la Fuerza Aerea Colombiana.",4.92,0.0,0.1351,4.0976,0.1369,0.0989,0.0687,0.2201,0.1063,0.1722,0.3076,0.6266,0.707,0.6644,0.7834
8,8,¿Cómo esta conformado el nivel estratégico organizacional de la Fuerza Aerea Colombiana?,"Basado en el texto proporcionado, el nivel estratégico organizacional de la Fuerza Aerea Colombiana se compone de los siguientes elementos:

*   **Misión:** Volar, entrenar y combatir para vencer y dominar en el aire, el espacio y el ciberespacio en defensa de la soberanía, la independencia, la integridad territorial, el orden constitucional y contribuir a los fines del estado.
*   **Visión:** Ser innovadora, polivalente, interoperable, líder y preferente regional con alcance global y capacidades disuasivas reales, permanentes y sostenibles.
*   **Liderazgo Operacional:** Todas las decisiones y acciones de la institución deben aportar valor en el cumplimiento de la misión y la consolidación de la visión institucional.
*   **Marco Estratégico:** Este se basa en un siglo de experiencia, el desarrollo de capacidades espaciales, el avance tecnológico y la incursion en nuevos dominios de la guerra, buscando un legado acorde a las nuevas demandas de la defensa nacional.

En resumen, el nivel estratégico se centra en la misión, visión y el marco general que guía las operaciones y el desarrollo de la Fuerza Aerea Colombiana.",4.82,0.0,0.1351,4.0976,0.1369,0.0989,0.0687,0.2201,0.1063,0.1722,0.3076,0.6266,0.707,0.6644,0.7834
8,9,¿Cómo esta conformado el nivel estratégico organizacional de la Fuerza Aerea Colombiana?,"Basado en el texto proporcionado, el nivel estratégico organizacional de la Fuerza Aerea Colombiana se compone de los siguientes elementos:

*   **Misión:** Volar, entrenar y combatir para vencer y dominar en el aire, el espacio y el ciberespacio en defensa de la soberanía, la independencia, la integridad territorial, el orden constitucional y contribuir a los fines del estado.
*   **Visión:** Ser innovadora, polivalente, interoperable, líder y preferente regional con alcance global y capacidades disuasivas reales, permanentes y sostenibles.
*   **Liderazgo Operacional:** Todas las decisiones y acciones de la institución deben aportar valor en el cumplimiento de la misión y la consolidación de la visión institucional.
*   **Marco Estratégico:** Este se basa en un siglo de experiencia, el desarrollo de capacidades espaciales, el avance tecnológico y la incursion en nuevos dominios de la guerra, buscando un legado acorde a las nuevas demandas de la defensa nacional.

En resumen, el nivel estratégico se centra en la misión, visión y el marco general que guía las operaciones y el desarrollo de la Fuerza Aerea Colombiana.",4.84,0.0,0.1351,4.0976,0.1369,0.0989,0.0687,0.2201,0.1063,0.1722,0.3076,0.6266,0.707,0.6644,0.7834
8,10,¿Cómo esta conformado el nivel estratégico organizacional de la Fuerza Aerea Colombiana?,"Basado en el texto proporcionado, el nivel estratégico organizacional de la Fuerza Aerea Colombiana se compone de los siguientes elementos:

*   **Misión:** Volar, entrenar y combatir para vencer y dominar en el aire, el espacio y el ciberespacio en defensa de la soberanía, la independencia, la integridad territorial, el orden constitucional y contribuir a los fines del estado.
*   **Visión:** Ser innovadora, polivalente, interoperable, líder y preferente regional con alcance global y capacidades disuasivas reales, permanentes y sostenibles.
*   **Liderazgo Operacional:** Todas las decisiones y acciones de la institución deben aportar valor en el cumplimiento de la misión y la consolidación de la visión institucional.
*   **Marco Estratégico:** Este se basa en un siglo de experiencia, el desarrollo de capacidades espaciales, el avance tecnológico y la incursion en nuevos dominios de la guerra, buscando un legado acorde a las nuevas demandas de la defensa nacional.

En resumen, el nivel estratégico se centra en la misión, visión y el marco general que guía las operaciones y el desarrollo de la Fuerza Aerea Colombiana.",4.83,0.0,0.1351,4.0976,0.1369,0.0989,0.0687,0.2201,0.1063,0.1722,0.3076,0.6266,0.707,0.6644,0.7834
9,1,¿Qué es el Estado Mayor?,"El Estado Mayor es un componente dentro de la fuerza armada que se encarga de la planificación y ejecución de las operaciones. Se divide en dos tipos: el Estado Mayor General, que se ocupa de la planificación y ejecución de las operaciones, y el Estado Mayor Especial, que se enfoca en áreas específicas como inteligencia, logística, etc.",1.94,0.0,0.2125,0.5278,0.2366,0.1698,0.1008,0.4121,0.1963,0.3273,0.2621,0.7626,0.7291,0.7454,0.91
9,2,¿Qué es el Estado Mayor?,"El Estado Mayor es un componente dentro de la fuerza armada que se encarga de la planificación y ejecución de las operaciones. Se divide en dos tipos: el Estado Mayor General, que se ocupa de la planificación y ejecución de las operaciones, y el Estado Mayor Especial, que se enfoca en áreas específicas como inteligencia, logística, etc.",1.96,0.0,0.2125,0.5278,0.2366,0.1698,0.1008,0.4121,0.1963,0.3273,0.2621,0.7626,0.7291,0.7454,0.91
9,3,¿Qué es el Estado Mayor?,"El Estado Mayor es un componente dentro de la fuerza armada que se encarga de la planificación y ejecución de las operaciones. Se divide en dos tipos: el Estado Mayor General, que se ocupa de la planificación y ejecución de las operaciones, y el Estado Mayor Especial, que se enfoca en áreas específicas como inteligencia, logística, etc.",1.82,0.0,0.2125,0.5278,0.2366,0.1698,0.1008,0.4121,0.1963,0.3273,0.2621,0.7626,0.7291,0.7454,0.91
9,4,¿Qué es el Estado Mayor?,"El Estado Mayor es un componente dentro de la fuerza armada que se encarga de la planificación y ejecución de las operaciones. Se divide en dos tipos: el Estado Mayor General, que se ocupa de la planificación y ejecución de las operaciones, y el Estado Mayor Especial, que se enfoca en áreas específicas como inteligencia, logística, etc.",1.86,0.0,0.2125,0.5278,0.2366,0.1698,0.1008,0.4121,0.1963,0.3273,0.2621,0.7626,0.7291,0.7454,0.91
9,5,¿Qué es el Estado Mayor?,"El Estado Mayor es un componente dentro de la fuerza armada que se encarga de la planificación y ejecución de las operaciones. Se divide en dos tipos: el Estado Mayor General, que se ocupa de la planificación y ejecución de las operaciones, y el Estado Mayor Especial, que se enfoca en áreas específicas como inteligencia, logística, etc.",1.96,0.0,0.2125,0.5278,0.2366,0.1698,0.1008,0.4121,0.1963,0.3273,0.2621,0.7626,0.7291,0.7454,0.91
9,6,¿Qué es el Estado Mayor?,"El Estado Mayor es un componente dentro de la fuerza armada que se encarga de la planificación y ejecución de las operaciones. Se divide en dos tipos: el Estado Mayor General, que se ocupa de la planificación y ejecución de las operaciones, y el Estado Mayor Especial, que se enfoca en áreas específicas como inteligencia, logística, etc.",2.08,0.0,0.2125,0.5278,0.2366,0.1698,0.1008,0.4121,0.1963,0.3273,0.2621,0.7626,0.7291,0.7454,0.91
9,7,¿Qué es el Estado Mayor?,"El Estado Mayor es un componente dentro de la fuerza armada que se encarga de la planificación y ejecución de las operaciones. Se divide en dos tipos: el Estado Mayor General, que se ocupa de la planificación y ejecución de las operaciones, y el Estado Mayor Especial, que se enfoca en áreas específicas como inteligencia, logística, etc.",2.2,0.0,0.2125,0.5278,0.2366,0.1698,0.1008,0.4121,0.1963,0.3273,0.2621,0.7626,0.7291,0.7454,0.91
9,8,¿Qué es el Estado Mayor?,"El Estado Mayor es un componente dentro de la fuerza armada que se encarga de la planificación y ejecución de las operaciones. Se divide en dos tipos: el Estado Mayor General, que se ocupa de la planificación y ejecución de las operaciones, y el Estado Mayor Especial, que se enfoca en áreas específicas como inteligencia, logística, etc.",1.89,0.0,0.2125,0.5278,0.2366,0.1698,0.1008,0.4121,0.1963,0.3273,0.2621,0.7626,0.7291,0.7454,0.91
9,9,¿Qué es el Estado Mayor?,"El Estado Mayor es un componente dentro de la fuerza armada que se encarga de la planificación y ejecución de las operaciones. Se divide en dos tipos: el Estado Mayor General, que se ocupa de la planificación y ejecución de las operaciones, y el Estado Mayor Especial, que se enfoca en áreas específicas como inteligencia, logística, etc.",2.17,0.0,0.2125,0.5278,0.2366,0.1698,0.1008,0.4121,0.1963,0.3273,0.2621,0.7626,0.7291,0.7454,0.91
9,10,¿Qué es el Estado Mayor?,"El Estado Mayor es un componente dentro de la fuerza armada que se encarga de la planificación y ejecución de las operaciones. Se divide en dos tipos: el Estado Mayor General, que se ocupa de la planificación y ejecución de las operaciones, y el Estado Mayor Especial, que se enfoca en áreas específicas como inteligencia, logística, etc.",1.98,0.0,0.2125,0.5278,0.2366,0.1698,0.1008,0.4121,0.1963,0.3273,0.2621,0.7626,0.7291,0.7454,0.91
10,1,¿Qué es el COAES (Comando de Operaciones Aéreas y Espaciales)?,"El COAES (Comando de Operaciones Aéreas y Espaciales) es el comando de operaciones aéreo y espacial de la Fuerza Aérea Colombiana, creado para articular efectivamente el ciclo operacional. Cuenta con cuatro centros de operaciones aéreos y espaciales nacional de recuperación de personal, armas y tácticas, y acción integral. Asimismo, tiene cinco jefaturas: combate y superioridad aérea, movilidad aérea, operaciones especiales aéreas, inteligencia aérea y operaciones espaciales.",2.72,0.0,0.4225,0.7857,0.5421,0.4745,0.4025,0.6267,0.473,0.5867,0.5605,0.868,0.8135,0.8399,0.8099
10,2,¿Qué es el COAES (Comando de Operaciones Aéreas y Espaciales)?,"El COAES (Comando de Operaciones Aéreas y Espaciales) es el comando de operaciones aéreo y espacial de la Fuerza Aérea Colombiana, creado para articular efectivamente el ciclo operacional. Cuenta con cuatro centros de operaciones aéreos y espaciales nacional de recuperación de personal, armas y tácticas, y acción integral. Asimismo, tiene cinco jefaturas: combate y superioridad aérea, movilidad aérea, operaciones especiales aéreas, inteligencia aérea y operaciones espaciales.",2.68,0.0,0.4225,0.7857,0.5421,0.4745,0.4025,0.6267,0.473,0.5867,0.5605,0.868,0.8135,0.8399,0.8099
10,3,¿Qué es el COAES (Comando de Operaciones Aéreas y Espaciales)?,"El COAES (Comando de Operaciones Aéreas y Espaciales) es el comando de operaciones aéreo y espacial de la Fuerza Aérea Colombiana, creado para articular efectivamente el ciclo operacional. Cuenta con cuatro centros de operaciones aéreos y espaciales nacional de recuperación de personal, armas y tácticas, y acción integral. Asimismo, tiene cinco jefaturas: combate y superioridad aérea, movilidad aérea, operaciones especiales aéreas, inteligencia aérea y operaciones espaciales.",2.56,0.0,0.4225,0.7857,0.5421,0.4745,0.4025,0.6267,0.473,0.5867,0.5605,0.868,0.8135,0.8399,0.8099
10,4,¿Qué es el COAES (Comando de Operaciones Aéreas y Espaciales)?,"El COAES (Comando de Operaciones Aéreas y Espaciales) es el comando de operaciones aéreo y espacial de la Fuerza Aérea Colombiana, creado para articular efectivamente el ciclo operacional. Cuenta con cuatro centros de operaciones aéreos y espaciales nacional de recuperación de personal, armas y tácticas, y acción integral. Asimismo, tiene cinco jefaturas: combate y superioridad aérea, movilidad aérea, operaciones especiales aéreas, inteligencia aérea y operaciones espaciales.",2.71,0.0,0.4225,0.7857,0.5421,0.4745,0.4025,0.6267,0.473,0.5867,0.5605,0.868,0.8135,0.8399,0.8099
10,5,¿Qué es el COAES (Comando de Operaciones Aéreas y Espaciales)?,"El COAES (Comando de Operaciones Aéreas y Espaciales) es el comando de operaciones aéreo y espacial de la Fuerza Aérea Colombiana, creado para articular efectivamente el ciclo operacional. Cuenta con cuatro centros de operaciones aéreos y espaciales nacional de recuperación de personal, armas y tácticas, y acción integral. Asimismo, tiene cinco jefaturas: combate y superioridad aérea, movilidad aérea, operaciones especiales aéreas, inteligencia aérea y operaciones espaciales.",2.52,0.0,0.4225,0.7857,0.5421,0.4745,0.4025,0.6267,0.473,0.5867,0.5605,0.868,0.8135,0.8399,0.8099
10,6,¿Qué es el COAES (Comando de Operaciones Aéreas y Espaciales)?,"El COAES (Comando de Operaciones Aéreas y Espaciales) es el comando de operaciones aéreo y espacial de la Fuerza Aérea Colombiana, creado para articular efectivamente el ciclo operacional. Cuenta con cuatro centros de operaciones aéreos y espaciales nacional de recuperación de personal, armas y tácticas, y acción integral. Asimismo, tiene cinco jefaturas: combate y superioridad aérea, movilidad aérea, operaciones especiales aéreas, inteligencia aérea y operaciones espaciales.",2.48,0.0,0.4225,0.7857,0.5421,0.4745,0.4025,0.6267,0.473,0.5867,0.5605,0.868,0.8135,0.8399,0.8099
10,7,¿Qué es el COAES (Comando de Operaciones Aéreas y Espaciales)?,"El COAES (Comando de Operaciones Aéreas y Espaciales) es el comando de operaciones aéreo y espacial de la Fuerza Aérea Colombiana, creado para articular efectivamente el ciclo operacional. Cuenta con cuatro centros de operaciones aéreos y espaciales nacional de recuperación de personal, armas y tácticas, y acción integral. Asimismo, tiene cinco jefaturas: combate y superioridad aérea, movilidad aérea, operaciones especiales aéreas, inteligencia aérea y operaciones espaciales.",2.6,0.0,0.4225,0.7857,0.5421,0.4745,0.4025,0.6267,0.473,0.5867,0.5605,0.868,0.8135,0.8399,0.8099
10,8,¿Qué es el COAES (Comando de Operaciones Aéreas y Espaciales)?,"El COAES (Comando de Operaciones Aéreas y Espaciales) es el comando de operaciones aéreo y espacial de la Fuerza Aérea Colombiana, creado para articular efectivamente el ciclo operacional. Cuenta con cuatro centros de operaciones aéreos y espaciales nacional de recuperación de personal, armas y tácticas, y acción integral. Asimismo, tiene cinco jefaturas: combate y superioridad aérea, movilidad aérea, operaciones especiales aéreas, inteligencia aérea y operaciones espaciales.",2.55,0.0,0.4225,0.7857,0.5421,0.4745,0.4025,0.6267,0.473,0.5867,0.5605,0.868,0.8135,0.8399,0.8099
10,9,¿Qué es el COAES (Comando de Operaciones Aéreas y Espaciales)?,"El COAES (Comando de Operaciones Aéreas y Espaciales) es el comando de operaciones aéreo y espacial de la Fuerza Aérea Colombiana, creado para articular efectivamente el ciclo operacional. Cuenta con cuatro centros de operaciones aéreos y espaciales nacional de recuperación de personal, armas y tácticas, y acción integral. Asimismo, tiene cinco jefaturas: combate y superioridad aérea, movilidad aérea, operaciones especiales aéreas, inteligencia aérea y operaciones espaciales.",2.55,0.0,0.4225,0.7857,0.5421,0.4745,0.4025,0.6267,0.473,0.5867,0.5605,0.868,0.8135,0.8399,0.8099
10,10,¿Qué es el COAES (Comando de Operaciones Aéreas y Espaciales)?,"El COAES (Comando de Operaciones Aéreas y Espaciales) es el comando de operaciones aéreo y espacial de la Fuerza Aérea Colombiana, creado para articular efectivamente el ciclo operacional. Cuenta con cuatro centros de operaciones aéreos y espaciales nacional de recuperación de personal, armas y tácticas, y acción integral. Asimismo, tiene cinco jefaturas: combate y superioridad aérea, movilidad aérea, operaciones especiales aéreas, inteligencia aérea y operaciones espaciales.",2.45,0.0,0.4225,0.7857,0.5421,0.4745,0.4025,0.6267,0.473,0.5867,0.5605,0.868,0.8135,0.8399,0.8099
